TimeStamp,Alpha_TP9,Alpha_FP1,Alpha_FP2,Alpha_TP10,Beta_TP9,Beta_FP1,Beta_FP2,Beta_TP10,Delta_TP9,Delta_FP1,Delta_FP2,Delta_TP10,Gamma_TP9,Gamma_FP1,Gamma_FP2,Gamma_TP10,Theta_TP9,Theta_FP1,Theta_FP2,Theta_TP10,Mellow,Concentration,RAW_TP9,RAW_FP1,RAW_FP2,RAW_TP10
2016-05-26 20:39:51,-0.24593882,-0.2246978,-0.43140262,0.12853022,0.5154502,0.072127484,-0.19531883,0.5482177,-0.1189093,-0.32366607,-0.6051941,-0.022784393,0.4025939,-0.025279935,-0.051829517,0.43525502,-0.34315667,-0.7129677,-0.65716463,-0.29338628,-1.0,0.36075556,866.90466,838.94,809.3303,820.8452
2016-05-26 20:39:53,-0.24593882,-0.2182254,-0.3268238,0.12853022,0.5154502,0.0043671527,-0.16719723,0.5482177,-0.1189093,-0.4845662,-0.7248803,-0.022784393,0.4025939,-0.084991165,-0.18476056,0.43525502,-0.34315667,-0.5608744,-0.8314408,-0.29338628,-1.0,0.36075556,853.7448,829.07007,815.9103,807.68536
2016-05-26 20:39:54,-0.24593882,-0.32998568,-0.60827166,0.12853022,0.5154502,0.15822068,-0.055903144,0.5482177,-0.1189093,-0.9098075,-1.0912061,-0.022784393,0.4025939,0.0060140034,-0.29742727,0.43525502,-0.34315667,-0.6543489,-0.648839,-0.29338628,-1.0,0.36075556,853.7448,845.5199,819.2002,834.005
2016-05-26 20:39:55,-0.24593882,-0.35136953,-0.3772642,0.12853022,0.5154502,0.016950056,0.07894953,0.5482177,-0.1189093,-1.0545038,-1.0610961,-0.022784393,0.4025939,-0.07882588,-0.13950172,0.43525502,-0.34315667,-0.77010936,-0.74369985,-0.29338628,-1.0,0.36075556,845.5199,842.2299,830.7151,810.9753
2016-05-26 20:39:56,-0.24593882,-0.32231274,-0.29241806,0.12853022,0.5154502,0.06430354,0.11815555,0.5482177,-0.1189093,-1.5095065,-1.0505873,-0.022784393,0.4025939,-0.20018922,-0.005379996,0.43525502,-0.34315667,-0.630343,-0.70022464,-0.29338628,-1.0,0.36075556,865.25964,834.005,817.55524,916.254
2016-05-26 20:39:57,-0.24593882,-0.036069654,-0.37734357,0.12853022,0.5154502,0.069883116,-0.02491846,0.5482177,-0.1189093,-1.0720146,-1.127622,-0.022784393,0.4025939,-0.06700598,-0.037041973,0.43525502,-0.34315667,-0.50889665,-0.6387492,-0.29338628,-1.0,0.36075556,855.3898,834.005,817.55524,838.94
2016-05-26 20:39:58,-0.24593882,0.030507822,-0.3610356,0.12853022,0.5154502,0.008887657,-0.35864457,0.5482177,-0.1189093,-1.020304,-1.037979,-0.022784393,0.4025939,0.040788878,-0.23530206,0.43525502,-0.34315667,-0.6161085,-0.85388994,-0.29338628,-1.0,0.36075556,853.7448,837.295,820.8452,819.2002
2016-05-26 20:39:59,0.16744217,-0.18123427,-0.3430858,0.12853022,0.5851186,0.019682689,-0.23789652,0.5482177,-0.26454744,-0.9094585,-0.96397746,-0.022784393,0.35044044,-0.129701,-0.23950458,0.43525502,-0.1850154,-0.946021,-0.9223623,-0.29338628,-1.0,0.6044117,860.3247,837.295,824.13513,858.67975
2016-05-26 20:40:00,0.12374642,-0.35665554,-0.37948194,0.12853022,0.36965343,-5.441133E-4,-0.10524725,0.5482177,-0.4256276,-0.8927342,-1.0658942,-0.022784393,0.38906935,-0.15395461,-0.32079133,0.43525502,0.053661276,-0.8310992,-0.9871767,-0.29338628,-0.9580558,0.8822076,870.1946,842.2299,832.36005,838.94
2016-05-26 20:40:01,0.20316814,-0.28260297,-0.49531454,0.12853022,0.3210894,-0.12688948,-0.10742584,0.5482177,-0.25422913,-0.78560853,-1.2134067,-0.022784393,0.28885597,0.026500588,-0.31077644,0.43525502,0.16642396,-0.7788125,-0.90186024,-0.29338628,-0.93630695,1.0,852.0998,842.2299,827.4251,842.2299
2016-05-26 20:40:02,0.13331605,-0.35044485,-0.23951012,0.12853022,0.3631154,-0.110672094,-0.27980882,0.5482177,-0.1678199,-0.40977374,-1.1496152,-0.022784393,0.2918268,-0.13771221,-0.39372617,0.43525502,0.09367899,-0.55575466,-0.6710439,-0.29338628,-0.7762977,1.0,876.77454,847.16486,825.78015,783.0106
2016-05-26 20:40:03,0.13331605,-0.4907706,-0.23785478,0.12853022,0.3631154,-0.040374022,-0.23659505,0.5482177,-0.1678199,-0.5781957,-1.0311792,-0.022784393,0.2918268,-0.2292275,-0.5096346,0.43525502,0.09367899,-0.53573877,-0.7671004,-0.29338628,-0.7762977,1.0,848.8099,842.2299,827.4251,837.295
2016-05-26 20:40:04,0.13331605,-0.15038218,-0.4110616,0.12853022,0.3631154,0.09014502,-0.12641709,0.5482177,-0.1678199,0.37737888,0.22574005,-0.022784393,0.2918268,-0.19186151,-0.5130603,0.43525502,0.09367899,-0.23128179,0.029110884,-0.29338628,-0.7762977,1.0,858.67975,832.36005,817.55524,848.8099
2016-05-26 20:40:05,0.30122113,-0.07005932,-0.3870784,0.12853022,0.39919248,0.026879461,-0.23127271,0.5482177,0.34684128,0.36882263,0.2283448,-0.022784393,0.18943447,-0.15812396,-0.27894002,0.43525502,0.031033829,-0.27700117,0.043703265,-0.29338628,-0.63554054,0.92082965,853.7448,830.7151,820.8452,824.13513
2016-05-26 20:40:06,0.768712,-0.13148321,-0.5175858,0.12853022,0.44866133,-0.040802766,-0.10544243,0.5482177,-0.12312273,-0.7702525,-0.73651034,-0.022784393,0.27688628,-0.14046443,-0.20063402,0.43525502,-0.18709198,-0.8268277,-0.91280836,-0.29338628,-0.32857862,0.6833185,796.1705,834.005,815.9103,819.2002
2016-05-26 20:40:07,0.65657103,-0.16497129,-0.69699025,0.12853022,0.33942673,-0.06584697,-0.10686763,0.5482177,0.17207171,-0.92953616,-1.1233906,-0.022784393,0.4761888,-0.21359172,-0.25194985,0.43525502,-0.2547264,-0.8543006,-1.0949323,-0.29338628,0.038821373,0.89732593,835.65,837.295,824.13513,842.2299
2016-05-26 20:40:08,0.5072291,-0.23207353,-0.54979014,0.12853022,0.29141548,0.091561906,-0.16387427,0.5482177,0.13066335,-0.7519914,-1.0107787,-0.022784393,0.5228152,-0.27855682,-0.32104152,0.43525502,-0.38907152,-0.9208416,-0.9657513,-0.29338628,0.30534643,1.0,865.25964,840.58496,817.55524,817.55524
2016-05-26 20:40:09,0.44823802,-0.3208994,-0.5008629,0.12853022,0.38170952,0.02048577,-0.24151576,0.5482177,-0.79397506,-0.9366,-0.99809253,-0.022784393,0.49577236,-0.2978018,-0.28689113,0.43525502,-0.19362374,-0.61794347,-0.6501713,-0.29338628,0.59150136,1.0,834.005,829.07007,827.4251,806.04034
2016-05-26 20:40:10,0.1650552,-0.41328368,-0.4253544,0.12853022,0.46859416,-0.08558625,-0.14331132,0.5482177,-0.20652927,-0.7948007,-0.9333698,-0.022784393,0.32549903,-0.20725968,-0.27259186,0.43525502,0.028379247,-0.6700645,-0.8117502,-0.29338628,0.7659653,1.0,858.67975,820.8452,812.6203,830.7151
2016-05-26 20:40:11,0.12859452,-0.051148564,-0.39721653,0.12853022,0.4783505,0.21847925,-0.0819338,0.5482177,-0.33329415,-0.779608,-0.94673103,-0.022784393,0.4313363,-0.08358477,-0.23850778,0.43525502,-0.1237714,-0.82366115,-0.74823874,-0.29338628,0.48913872,1.0,863.6147,840.58496,834.005,878.4195
2016-05-26 20:40:12,0.29779252,-0.08260258,-0.38941702,0.12853022,0.5336349,0.03049678,-0.16673565,0.5482177,-0.3406778,-1.0312093,-1.1259967,-0.022784393,0.4484199,-0.0972771,-0.22232169,0.43525502,-0.24299559,-0.76685685,-0.6419057,-0.29338628,0.41995302,1.0,842.2299,837.295,825.78015,796.1705
2016-05-26 20:40:13,0.21844603,-0.24318437,-0.511403,0.12853022,0.41936997,-0.1749584,-0.31043625,0.5482177,-0.3432874,-1.1126672,-1.251108,-0.022784393,0.4833807,-0.22152962,-0.40264043,0.43525502,-0.35190696,-1.0124781,-0.7776921,-0.29338628,0.41995302,1.0,850.45483,834.005,809.3303,840.58496
2016-05-26 20:40:14,0.09876974,0.111499116,-0.36475718,0.12853022,0.40282714,-0.07455943,-0.16838828,0.5482177,-0.101968504,-0.7688455,-0.6981631,-0.022784393,0.6397268,-0.19653264,-0.3528405,0.43525502,-0.19435386,-0.77974594,-0.9683616,-0.29338628,0.19099022,1.0,847.16486,832.36005,825.78015,829.07007
2016-05-26 20:40:16,0.09876974,0.1634154,0.03180521,0.12853022,0.40282714,0.06270693,-0.12284467,0.5482177,-0.101968504,-0.6446119,-0.69410944,-0.022784393,0.6397268,-0.25708106,-0.2728239,0.43525502,-0.19435386,-0.9559265,-1.1090264,-0.29338628,0.19099022,1.0,810.9753,837.295,827.4251,829.07007
2016-05-26 20:40:17,0.09876974,-0.14529897,0.05607925,0.12853022,0.40282714,0.024958706,0.033061385,0.5482177,-0.101968504,0.1077827,-0.53895783,-0.022784393,0.6397268,-0.16469552,-0.14792164,0.43525502,-0.19435386,-0.5184103,-0.5815296,-0.29338628,0.19099022,1.0,860.3247,830.7151,819.2002,802.7504
2016-05-26 20:40:18,0.09876974,0.09601482,-0.0129147535,0.12853022,0.40282714,0.097289346,0.08247928,0.5482177,-0.101968504,0.7666535,-0.36790612,-0.022784393,0.6397268,-3.4052582E-4,-0.07962868,0.43525502,-0.19435386,0.20345034,-0.36536387,-0.29338628,0.19099022,1.0,814.26526,847.16486,830.7151,784.65564
2016-05-26 20:40:19,0.09876974,0.013745228,0.32036567,0.12853022,0.40282714,0.08719939,0.276135,0.5482177,-0.101968504,0.09099994,-0.13426377,-0.022784393,0.6397268,-0.07555232,-0.0047373055,0.43525502,-0.19435386,-0.13624157,-0.5423649,-0.29338628,0.19099022,1.0,809.3303,832.36005,812.6203,736.9512
2016-05-26 20:40:20,0.09876974,0.035182446,-0.48312816,0.12853022,0.40282714,0.008479418,-0.12578005,0.5482177,-0.101968504,-0.65236485,-0.86148596,-0.022784393,0.6397268,-0.12157054,-0.25956392,0.43525502,-0.19435386,-0.5368605,-0.65729374,-0.29338628,0.19099022,1.0,855.3898,832.36005,809.3303,787.94556
2016-05-26 20:40:21,0.09876974,-0.32015392,-0.42662966,0.12853022,0.40282714,0.0010682723,-0.077378295,0.5482177,-0.101968504,-1.0088003,-0.9070837,-0.022784393,0.6397268,-0.19136123,-0.20680794,0.43525502,-0.19435386,-0.6440019,-0.9358413,-0.29338628,0.19099022,1.0,860.3247,830.7151,820.8452,829.07007
2016-05-26 20:40:22,0.09876974,-0.43101302,-0.27061936,0.12853022,0.40282714,0.027841132,-0.12995934,0.5482177,-0.101968504,-0.7932506,-0.9267481,-0.022784393,0.6397268,-0.16066943,-0.26752916,0.43525502,-0.19435386,-0.46350026,-0.8132106,-0.29338628,0.19099022,1.0,827.4251,840.58496,817.55524,776.4307
2016-05-26 20:40:23,0.09876974,-0.39385834,-0.379208,0.12853022,0.40282714,-0.25273114,-0.098369166,0.5482177,-0.101968504,-0.8519067,-1.0036091,-0.022784393,0.6397268,-0.2010247,-0.3573584,0.43525502,-0.19435386,-0.7932093,-1.021233,-0.29338628,0.19099022,1.0,827.4251,840.58496,819.2002,820.8452
2016-05-26 20:40:24,0.09876974,-0.27380985,-0.5093296,0.12853022,0.40282714,-0.17965944,-0.2657908,0.5482177,-0.101968504,-0.8605523,-1.430912,-0.022784393,0.6397268,-0.21979003,-0.539373,0.43525502,-0.19435386,-1.106594,-1.0927043,-0.29338628,0.19099022,1.0,884.99945,845.5199,824.13513,1105.4268
2016-05-26 20:40:25,0.09876974,-0.6984199,-0.6510728,0.12853022,0.40282714,-0.21084777,-0.3111696,0.5482177,-0.101968504,-0.85932004,-0.97208047,-0.022784393,0.6397268,-0.40206587,-0.52887875,0.43525502,-0.19435386,-0.7280611,-1.0208479,-0.29338628,0.19099022,1.0,838.94,835.65,819.2002,931.0589
2016-05-26 20:40:26,0.066644706,-0.59838986,-0.40169114,0.12853022,0.24116427,-0.3489907,-0.50656945,0.5482177,0.37537685,-0.7125563,-0.8931551,-0.022784393,0.52654123,-0.30283108,-0.76806265,0.43525502,-0.058793597,-0.8859604,-0.9528623,-0.29338628,0.106154226,1.0,838.94,830.7151,824.13513,804.3954
2016-05-26 20:40:27,0.04938409,-0.35630924,-0.34798494,0.12853022,0.3537791,-0.13108946,-0.43594027,0.5482177,0.23178536,-0.790731,-0.7337547,-0.022784393,0.5060014,-0.25036463,-0.6383425,0.43525502,-0.038099844,-0.88269025,-0.96910644,-0.29338628,-0.18308978,1.0,840.58496,838.94,817.55524,787.94556
2016-05-26 20:40:28,-0.044804394,-0.19303556,-0.44062284,0.12853022,0.41779414,-0.07485758,-0.42529926,0.5482177,0.07809785,-1.1617528,-0.6840914,-0.022784393,0.4909262,-0.08998286,-0.39191076,0.43525502,-0.031177616,-0.7798303,-0.8649976,-0.29338628,-0.5170898,1.0,820.8452,820.8452,812.6203,802.7504
2016-05-26 20:40:29,0.27581656,-0.11360279,-0.4989553,0.12853022,0.42715904,-0.117176846,-0.34800857,0.5482177,-0.05008654,-1.2061332,-0.9814762,-0.022784393,0.5510518,-0.024563482,-0.31039917,0.43525502,-0.43528432,-0.7351859,-0.76809126,-0.29338628,-0.26026964,1.0,842.2299,835.65,815.9103,783.0106
2016-05-26 20:40:30,0.39700955,-0.18457206,-0.16350327,0.12853022,0.40367326,-0.031579014,-0.29987928,0.5482177,-0.6119191,-1.3378767,-1.122145,-0.022784393,0.59879285,-0.16767737,-0.34216234,0.43525502,-0.11537373,-0.90137696,-0.66013545,-0.29338628,-0.12538502,1.0,834.005,832.36005,834.005,825.78015
2016-05-26 20:40:31,0.35203913,-0.3860457,-0.13504303,0.12853022,0.3360866,-0.23256192,-0.3328124,0.5482177,0.045344558,-0.8790469,-0.8187129,-0.022784393,0.48353615,-0.4592846,-0.5083865,0.43525502,0.06870336,-0.74914986,-0.77982634,-0.29338628,0.21738058,1.0,853.7448,842.2299,827.4251,817.55524
2016-05-26 20:40:32,0.36874783,-0.26520768,-0.48617116,0.12853022,0.37502295,-0.21671751,-0.336968,0.5482177,-0.2607198,-0.6056538,-0.8930023,-0.022784393,0.45245633,-0.3397514,-0.5081799,0.43525502,-0.13934647,-0.79740477,-1.1064943,-0.29338628,0.4544551,1.0,850.45483,834.005,819.2002,848.8099
2016-05-26 20:40:33,0.45944655,0.07141636,-0.6063541,0.12853022,0.51624936,-0.14150673,-0.39905542,0.5482177,-0.16526654,-0.843396,-0.9555771,-0.022784393,0.3792738,-0.27669814,-0.5067309,0.43525502,-0.013453393,-0.9103443,-0.8305385,-0.29338628,0.7874597,1.0,843.87494,834.005,822.4902,820.8452
2016-05-26 20:40:35,0.42775187,-0.16250236,-0.34745878,0.12853022,0.37256455,-0.19293022,-0.33407506,0.5482177,0.038415287,-0.69725883,-0.88450915,-0.022784393,0.298433,-0.32686818,-0.5078002,0.43525502,0.10058686,-0.8228575,-0.6794266,-0.29338628,1.0,0.77622,852.0998,829.07007,822.4902,830.7151
2016-05-26 20:40:36,0.3228671,-0.24472988,-0.34534842,0.12853022,0.34622592,-0.13302472,-0.33421445,0.5482177,0.2767539,-0.8967214,-0.90384865,-0.022784393,0.2528605,-0.25704387,-0.48389795,0.43525502,-0.11446649,-0.7652523,-0.9047759,-0.29338628,1.0,0.47473702,804.3954,837.295,814.26526,778.0757
2016-05-26 20:40:37,0.27922893,-0.4187811,-0.85671914,0.12853022,0.33314848,-0.13230851,-0.5241221,0.5482177,-0.08114107,-0.83402264,-0.78163517,-0.022784393,0.2526529,-0.3333079,-0.5058124,0.43525502,-0.005796972,-0.60410357,-0.65485364,-0.29338628,1.0,0.1608154,853.7448,822.4902,824.13513,845.5199
2016-05-26 20:40:38,0.36051282,-0.5072507,-0.94036025,0.12853022,0.44109705,-0.18193932,-0.44608456,0.5482177,-0.24203172,-0.717001,-1.0791057,-0.022784393,0.23941605,-0.32573062,-0.60893804,0.43525502,-0.09438656,-0.7282282,-0.6907214,-0.29338628,0.7924799,-0.20101793,850.45483,827.4251,824.13513,832.36005
2016-05-26 20:40:39,0.55654824,-0.45163515,-0.94669455,0.12853022,0.50926894,-0.30732322,-0.19764552,0.5482177,-0.27159187,-0.8632373,-1.2477493,-0.022784393,0.3263676,-0.30536634,-0.41899624,0.43525502,-0.043155834,-0.9855364,-0.91405016,-0.29338628,1.0,-0.5032687,850.45483,832.36005,819.2002,827.4251
2016-05-26 20:40:40,0.48288268,-0.41947252,-0.8768845,0.5290884,0.49843273,-0.17332608,-0.4258095,0.49985933,0.021336516,-0.82153046,-0.8375241,-0.4831933,0.3661171,-0.23353536,-0.503889,0.6083464,-0.16215053,-0.72473216,-0.63099545,-0.029687626,1.0,-0.37117094,838.94,835.65,815.9103,802.7504
2016-05-26 20:40:41,0.65100825,-0.44501293,-0.89798355,0.34759834,0.38925996,-0.08637523,-0.57096225,0.49353707,-0.08091947,-1.1150502,-0.6462711,-0.53365916,0.22117384,-0.29141414,-0.6467976,0.6560049,0.07230697,-0.5658463,-0.6667812,-0.043085475,1.0,-0.25945368,820.8452,835.65,824.13513,825.78015
2016-05-26 20:40:42,0.6022237,-0.5910348,-0.8098811,0.34759834,0.3907158,-0.28730813,-0.46292794,0.49353707,0.09779962,-1.0985214,-0.7500969,-0.53365916,0.29270566,-0.52889,-0.56455517,0.6560049,-0.2555468,-0.7884387,-0.90799147,-0.043085475,1.0,-0.5957571,835.65,824.13513,809.3303,832.36005
2016-05-26 20:40:43,0.5842424,-0.6248011,-0.6782169,0.34759834,0.5372603,-0.26768178,-0.41574284,0.49353707,-0.3427496,-1.0118762,-0.92817813,-0.53365916,0.2306062,-0.42542368,-0.57039386,0.6560049,-0.44530886,-0.8112696,-0.63064516,-0.043085475,1.0,-0.8917502,845.5199,834.005,822.4902,806.04034
2016-05-26 20:40:44,0.49439803,-0.7066643,-0.66280633,0.34759834,0.5477794,-0.25156936,-0.44077685,0.49353707,-0.7012897,-0.8009056,-0.92446256,-0.53365916,0.20237462,-0.36579964,-0.7637371,0.6560049,-0.38732705,-0.6568688,-0.6042013,-0.043085475,1.0,-1.0,847.16486,842.2299,812.6203,832.36005
2016-05-26 20:40:45,0.41881287,-0.66255677,-0.66502404,0.34759834,0.32401186,-0.29653916,-0.47874603,0.49353707,-0.24284609,-1.0244055,-0.8120482,-0.53365916,0.12693968,-0.3301121,-0.71198523,0.6560049,-0.15421984,-0.8778734,-0.93885887,-0.043085475,1.0,-1.0,852.0998,852.0998,820.8452,799.46045
2016-05-26 20:40:46,0.2786511,-0.7106307,-0.9151884,0.34759834,0.3909856,-0.3917494,-0.56231195,0.49353707,0.15418993,-1.2164798,-0.83457476,-0.53365916,0.1295347,-0.23779424,-0.7060787,0.6560049,0.05365364,-0.66976357,-0.78182566,-0.043085475,0.83410424,-1.0,873.48456,834.005,820.8452,812.6203
2016-05-26 20:40:47,0.25171763,-0.6152461,-0.7504302,0.5963329,0.42886814,-0.16849457,-0.55950475,0.37881517,0.096718445,-1.0420121,-0.9465566,-0.11817461,0.33504534,-0.24562186,-0.5925925,0.4328506,0.021922976,-0.89666724,-1.1613789,-0.08218021,0.9826015,-1.0,837.295,834.005,815.9103,784.65564
2016-05-26 20:40:48,0.25171763,-0.547854,-0.9007047,0.5170055,0.42927936,-0.1538054,-0.5643174,0.40991065,-0.04349209,-0.8948149,-1.1037661,0.017156394,0.36134198,-0.37252688,-0.52812463,0.43577152,0.062738076,-0.7488405,-1.064469,-0.04893008,0.9760391,-0.9154241,832.36005,829.07007,814.26526,794.5255
2016-05-26 20:40:49,0.4490708,-0.39017802,-0.39719275,0.5170055,0.51295155,-0.18383618,-0.30549297,0.40991065,-0.5583869,-1.2793841,-0.6297398,0.017156394,0.39652252,-0.2718666,-0.47753406,0.43577152,-0.4331004,-0.74452335,-0.9166038,-0.04893008,1.0,-0.713398,847.16486,830.7151,822.4902,809.3303
2016-05-26 20:40:50,0.4490708,-0.3783885,-0.32098788,0.5170055,0.5248536,-0.014276321,-0.17421891,0.40991065,-0.5933965,-1.1229653,-0.89343935,0.017156394,0.40760243,-0.27266842,-0.51180345,0.43577152,-0.47251776,-0.60704434,-0.6789996,-0.04893008,1.0,-0.596498,815.9103,829.07007,820.8452,835.65
2016-05-26 20:40:51,0.4490708,-0.40248805,-0.8163943,0.5170055,0.5248536,-0.25337377,-0.3535901,0.40991065,-0.5933965,-0.85058427,-0.7587905,0.017156394,0.40760243,-0.21402775,-0.5142738,0.43577152,-0.47251776,-0.739549,-1.0059806,-0.04893008,1.0,-0.596498,842.2299,817.55524,820.8452,840.58496
2016-05-26 20:40:52,0.4490708,-0.5833032,-0.5498867,0.5170055,0.5248536,-0.39571062,-0.5070925,0.40991065,-0.5933965,-0.82037765,-0.56195647,0.017156394,0.40760243,-0.38101113,-0.6823172,0.43577152,-0.47251776,-0.95702136,-0.8058587,-0.04893008,1.0,-0.596498,855.3898,837.295,820.8452,916.254
2016-05-26 20:40:53,0.4490708,-0.3954025,-0.6020368,0.5170055,0.5248536,-0.2948861,-0.4447596,0.40991065,-0.5933965,-0.72204554,-0.6777451,0.017156394,0.40760243,-0.28327888,-0.5649565,0.43577152,-0.47251776,-0.7606116,-0.837133,-0.04893008,1.0,-0.4750055,822.4902,829.07007,815.9103,822.4902
2016-05-26 20:40:54,0.55073774,-0.6677513,-0.53818005,0.5170055,0.56075346,-0.38186675,-0.2600444,0.40991065,-0.2212575,-1.1373647,-0.98903805,0.017156394,0.499649,-0.1658062,-0.50044423,0.43577152,-0.1925731,-1.229336,-1.0524168,-0.04893008,1.0,-0.16327216,840.58496,834.005,824.13513,797.8155
2016-05-26 20:40:56,0.55073774,-0.7909996,-0.49471694,0.5170055,0.56075346,-0.2823496,-0.32446668,0.40991065,-0.2212575,-0.9913513,-1.0907764,0.017156394,0.499649,-0.26868853,-0.5769123,0.43577152,-0.1925731,-0.7524378,-0.8689865,-0.04893008,1.0,0.07052784,835.65,842.2299,824.13513,797.8155
2016-05-26 20:40:57,0.27609885,-0.56712747,-0.5552841,0.5170055,0.49127564,-0.2873216,-0.30979553,0.40991065,-0.26023778,-1.4897393,-0.8910159,0.017156394,0.6076804,-0.38626173,-0.6043313,0.43577152,-0.17418621,-1.0350277,-0.9672938,-0.04893008,0.92940456,0.23752783,837.295,832.36005,817.55524,784.65564
2016-05-26 20:40:58,0.3978039,-0.4165132,-0.7672836,0.5170055,0.49640745,-0.059193227,-0.21655548,0.40991065,-0.10535213,-0.83489245,-0.8766787,0.017156394,0.4930132,-0.44346198,-0.6030767,0.43577152,0.051070116,-0.7463224,-0.5957441,-0.04893008,1.0,0.59805137,842.2299,820.8452,814.26526,787.94556
2016-05-26 20:40:59,0.4780071,-0.45692036,-0.7137385,0.5170055,0.44488767,-0.22410084,-0.40924552,0.40991065,-0.013551264,-0.84635574,-1.0280795,0.017156394,0.3102306,-0.34123874,-0.42888173,0.43577152,0.11883034,-0.57610756,-0.722742,-0.04893008,1.0,0.51726025,812.6203,829.07007,815.9103,792.88055
2016-05-26 20:41:00,0.38166475,-0.5744005,-0.42889488,0.5170055,0.4651295,-0.3231007,-0.424695,0.40991065,0.031177752,-1.0266193,-0.9952535,0.017156394,0.20561716,-0.247854,-0.61522114,0.43577152,0.17356928,-0.71235245,-0.85339713,-0.04893008,1.0,0.33811483,840.58496,838.94,812.6203,832.36005
2016-05-26 20:41:01,0.19661297,-0.30211762,-0.469213,0.5170055,0.41820377,-0.2495689,-0.39930952,0.40991065,-0.23754553,-0.8786625,-1.1836764,0.017156394,0.28528085,-0.36028185,-0.55374163,0.43577152,-0.09068142,-0.65702105,-0.6766867,-0.04893008,0.77741766,0.17737733,830.7151,827.4251,812.6203,840.58496
2016-05-26 20:41:02,0.2954956,-0.39738208,-0.6047774,0.5170055,0.33645007,-0.32812494,-0.28424546,0.40991065,-0.11131636,-1.1778378,-0.86812454,0.017156394,0.2749806,-0.31647068,-0.5781604,0.43577152,-0.018054718,-0.7725412,-0.66859245,-0.04893008,0.54822516,-0.096085176,827.4251,834.005,815.9103,824.13513
2016-05-26 20:41:03,0.37928894,-0.60440415,-0.62192035,0.5170055,0.44138724,-0.3593016,-0.38944843,0.40991065,0.25387776,-1.0177844,-0.7983104,0.017156394,0.26810005,-0.36631882,-0.6551214,0.43577152,-0.07986694,-0.83224434,-0.904178,-0.04893008,0.48064843,-0.34981743,853.7448,824.13513,817.55524,853.7448
2016-05-26 20:41:04,0.30962706,-0.5002389,-0.26766184,0.5170055,0.25868383,-0.37482858,-0.3823266,0.40991065,-0.0067285034,-1.110158,-0.7416696,0.017156394,0.2754784,-0.29527035,-0.47315854,0.43577152,-0.436145,-0.7582245,-1.0999334,-0.04893008,0.26438344,-0.6331787,834.005,830.7151,810.9753,819.2002
2016-05-26 20:41:05,0.40914264,-0.1776661,-0.24230309,0.5170055,0.3276937,-0.12940872,-0.21775095,0.40991065,-0.42432356,-1.083992,-0.976754,0.017156394,0.28949884,-0.33843836,-0.44927743,0.43577152,-0.39007086,-0.9902402,-1.2021259,-0.04893008,-0.0015878835,-0.92966473,847.16486,835.65,817.55524,843.87494
2016-05-26 20:41:06,0.5853108,-0.23454508,-0.78618985,0.5170055,0.29537198,-0.096006274,-0.37855074,0.40991065,-0.04420792,-1.1606495,-1.0854267,0.017156394,0.59006417,-0.35216585,-0.52705973,0.43577152,-0.22636923,-1.1689581,-0.98267287,-0.04893008,0.35931766,-0.7522992,832.36005,830.7151,819.2002,860.3247
2016-05-26 20:41:07,0.4199418,-0.67394215,-0.5712599,0.5170055,0.38872114,-0.29610303,-0.56347996,0.40991065,0.052733764,-0.789038,-0.9517537,0.017156394,0.36308137,-0.4269052,-0.49715233,0.43577152,-0.044409,-0.9340698,-0.6836196,-0.04893008,0.64792794,-0.47153044,858.67975,830.7151,815.9103,838.94
2016-05-26 20:41:08,0.26263866,-0.41124842,-0.49552947,0.5170055,0.44487813,-0.22119507,-0.44866946,0.40991065,-0.14469194,-1.0029049,-0.8840681,0.017156394,0.25088316,-0.39028203,-0.52253616,0.43577152,-0.01821343,-0.8558346,-0.77207613,-0.04893008,0.46808177,-0.744993,825.78015,832.36005,815.9103,840.58496
2016-05-26 20:41:09,0.26263866,-0.30868518,-0.55272436,0.5170055,0.44487813,-0.2534042,-0.41570055,0.40991065,-0.14469194,-0.980637,-0.7573241,0.017156394,0.25088316,-0.32826883,-0.53451425,0.43577152,-0.01821343,-0.6739866,-1.0786073,-0.04893008,0.46808177,-0.744993,824.13513,835.65,807.68536,753.401
2016-05-26 20:41:10,0.26263866,-0.35181296,-0.4235227,0.5170055,0.44487813,-0.18791643,-0.47163126,0.40991065,-0.14469194,-1.0312488,-1.1328667,0.017156394,0.25088316,-0.44595093,-0.5456953,0.43577152,-0.01821343,-0.63296,-0.8766345,-0.04893008,0.46808177,-0.744993,814.26526,827.4251,819.2002,569.1632
2016-05-26 20:41:11,0.26263866,-0.34702623,-0.60030115,0.5170055,0.44487813,-0.2474446,-0.49725074,0.40991065,-0.14469194,-0.7708045,-0.7717745,0.017156394,0.25088316,-0.5400324,-0.74614376,0.43577152,-0.01821343,-0.74773574,-0.9037317,-0.04893008,0.46808177,-0.744993,843.87494,830.7151,820.8452,776.4307
2016-05-26 20:41:12,0.26263866,-0.49290013,-0.68335396,0.5170055,0.44487813,-0.36246592,-0.51138705,0.40991065,-0.14469194,-0.65445644,-0.6085646,0.017156394,0.25088316,-0.47510388,-0.7429024,0.43577152,-0.01821343,-0.7556272,-0.75836056,-0.04893008,0.46808177,-0.744993,858.67975,830.7151,815.9103,858.67975
2016-05-26 20:41:13,0.2647517,-0.6839567,-0.811916,0.5170055,0.4437261,-0.30536813,-0.5948586,0.40991065,0.40264195,-0.9240709,-1.1396321,0.017156394,0.4195282,-0.44352204,-0.6034995,0.43577152,-0.015560543,-0.8125978,-0.62518543,-0.04893008,0.22143562,-0.96519053,783.0106,825.78015,819.2002,817.55524
2016-05-26 20:41:14,0.23936372,-0.79567575,-0.9622464,0.5170055,0.50349313,-0.1931403,-0.50613326,0.40991065,0.23126847,-1.1402599,-0.9190497,0.017156394,0.40280327,-0.48416606,-0.65391535,0.43577152,-0.26403356,-1.0402948,-0.9016356,-0.04893008,-0.07803752,-0.83266795,814.26526,834.005,809.3303,732.01624
2016-05-26 20:41:15,0.13069884,-0.4632734,-0.71178865,0.5170055,0.5456908,-0.19288936,-0.35910827,0.40991065,0.29695317,-1.0239686,-0.9504506,0.017156394,0.39955658,-0.45242727,-0.5464382,0.43577152,-0.21464099,-0.6279553,-0.68030053,-0.04893008,-0.337327,-0.83266795,852.0998,832.36005,814.26526,868.5496
2016-05-26 20:41:17,0.13069884,-0.4639681,-0.5066444,0.5170055,0.5456908,-0.36947432,-0.29849562,0.40991065,0.29695317,-0.65178496,-0.69219875,0.017156394,0.39955658,-0.19448036,-0.45295042,0.43577152,-0.21464099,-0.76693994,-1.0121745,-0.04893008,-0.337327,-0.83266795,865.25964,842.2299,812.6203,804.3954
2016-05-26 20:41:18,0.13069884,-0.2923598,-0.32594773,0.5170055,0.5456908,-0.08422281,-0.2914517,0.40991065,0.29695317,-0.7627578,-0.67606187,0.017156394,0.39955658,-0.20560004,-0.47915074,0.43577152,-0.21464099,-0.6127367,-0.8888683,-0.04893008,-0.404127,-0.83266795,830.7151,812.6203,824.13513,827.4251
2016-05-26 20:41:19,0.4075707,-0.25150183,-0.38831842,0.5170055,0.5006938,-0.08708665,-0.3263698,0.40991065,0.017095197,-0.90395325,-1.1178492,0.017156394,0.30302215,-0.35417882,-0.41314054,0.43577152,-0.07640069,-0.42222953,-0.8439717,-0.04893008,-0.4244298,-1.0,840.58496,817.55524,822.4902,843.87494
2016-05-26 20:41:20,0.27316433,-0.51297045,-0.35317492,0.5170055,0.57138014,-0.18029264,-0.28952578,0.40991065,-0.22465007,-0.7490707,-1.0164126,0.017156394,0.3499253,-0.21264586,-0.5416728,0.43577152,-0.20142345,-0.6738112,-0.97447586,-0.04893008,-0.5794753,-1.0,847.16486,832.36005,819.2002,810.9753
2016-05-26 20:41:21,0.10593903,-0.30639204,-0.38806453,0.5170055,0.66219556,-0.30235177,-0.45524135,0.40991065,-0.23401447,-1.1272546,-0.99522245,0.017156394,0.44349882,-0.30466133,-0.60208625,0.43577152,-0.023247816,-0.80142367,-0.9392368,-0.04893008,-0.89812934,-0.8758545,834.005,827.4251,817.55524,835.65
2016-05-26 20:41:22,0.10593903,-0.2627793,-0.6651354,0.5170055,0.66219556,-0.29527318,-0.53928757,0.40991065,-0.23401447,-0.7064963,-0.9077856,0.017156394,0.44349882,-0.37209263,-0.7210374,0.43577152,-0.023247816,-0.91470826,-0.87564397,-0.04893008,-0.89812934,-0.8758545,863.6147,840.58496,814.26526,860.3247
2016-05-26 20:41:23,0.41972238,-0.38293642,-0.6794799,0.5170055,0.46352336,-0.21771038,-0.5935048,0.40991065,-0.02486953,-0.7597896,-0.9885467,0.017156394,0.14359698,-0.45585445,-0.6931484,0.43577152,-0.029203005,-0.7347813,-0.8255167,-0.04893008,-0.7573722,-1.0,814.26526,825.78015,822.4902,797.8155
2016-05-26 20:41:24,0.5353744,-0.2946721,-0.7225433,0.4626242,0.3031766,-0.203627,-0.62603265,0.4548956,-0.2830361,-0.84111303,-0.971907,-0.21342435,0.1692433,-0.4621394,-0.7289257,0.76014423,-0.19645387,-0.76965487,-0.8277158,-0.23670082,-0.51304793,-1.0,857.0347,837.295,817.55524,829.07007
2016-05-26 20:41:25,0.6017545,-0.39387542,-0.64282644,0.4556439,0.23029776,-0.39825308,-0.6365005,0.47655433,-0.35024855,-1.0686866,-0.82972574,-0.31684884,0.18951796,-0.43508333,-0.6701047,0.29642305,-0.42956048,-0.8370714,-0.6827416,-0.2567218,-0.17331386,-1.0,860.3247,843.87494,824.13513,842.2299
2016-05-26 20:41:26,0.38889638,-0.41865802,-0.75833553,0.1206941,0.2162117,-0.21362416,-0.5742073,0.5717543,-0.5647425,-1.2527422,-0.89082474,-0.39729318,0.21490505,-0.36653507,-0.69703126,0.3477573,-0.17397538,-0.97678864,-1.1227014,-0.07098224,-0.0738362,-1.0,850.45483,835.65,825.78015,809.3303
2016-05-26 20:41:27,0.29120874,-0.513454,-0.6198379,0.1206941,0.29749945,-0.3863771,-0.5885802,0.5717543,-0.19277243,-0.9774318,-0.7018228,-0.39729318,0.16108494,-0.41934678,-0.7573976,0.3477573,-0.07552015,-0.92783445,-0.8032419,-0.07098224,-0.19149907,-1.0,827.4251,825.78015,817.55524,825.78015
2016-05-26 20:41:28,0.40984148,-0.46118757,-0.47414073,0.33294827,0.36588457,-0.58847064,-0.66260004,0.5999923,-0.122129016,-0.71114385,-0.70250154,0.055555873,0.010038704,-0.5208227,-0.6945122,0.9011337,0.17103195,-0.763252,-0.6843026,-0.41335735,-0.19572288,-1.0,838.94,824.13513,817.55524,787.94556
2016-05-26 20:41:29,0.5100394,-0.30436307,-0.7159266,0.33294827,0.25474203,-0.4530305,-0.60695213,0.5999923,-0.027957415,-1.2576889,-0.60272527,0.055555873,0.19527397,-0.6187321,-0.73293936,0.9011337,-0.141488,-0.8104876,-1.066109,-0.41335735,0.05237042,-1.0,853.7448,832.36005,824.13513,824.13513
2016-05-26 20:41:30,0.3146394,-0.47424024,-0.5616911,0.29391554,0.4495475,-0.32848027,-0.5773823,0.5708296,0.2557824,-0.9362943,-0.7175999,0.11467067,0.2670909,-0.51940095,-0.74346095,0.423622,-0.14604782,-0.5832743,-0.89654315,-0.031146869,0.22946808,-0.9716606,848.8099,830.7151,815.9103,814.26526
2016-05-26 20:41:31,0.3965484,-0.5850433,-0.5919293,0.20843273,0.50926834,-0.42669663,-0.6750386,0.5995665,0.36857447,-0.7617057,-0.9023708,0.14722003,0.14850247,-0.4587632,-0.6605993,0.3366963,0.14192131,-0.47228247,-0.71542317,0.0038983913,0.16691898,-1.0,835.65,832.36005,817.55524,834.005
2016-05-26 20:41:32,0.4114325,-0.4672472,-0.68711126,0.20843273,0.4298362,-0.49467304,-0.6316826,0.5995665,-0.03032154,-0.7466743,-1.1224196,0.14722003,0.03713079,-0.7212516,-0.98173267,0.3366963,0.005664882,-0.658957,-0.9941562,0.0038983913,0.20740382,-1.0,838.94,829.07007,814.26526,791.23553
2016-05-26 20:41:33,0.24091557,-0.5007018,-0.75738704,0.20843273,0.25178954,-0.49362978,-0.7107193,0.5995665,0.006466963,-0.8891956,-0.7059247,0.14722003,-7.412647E-4,-0.50775975,-0.87161994,0.3366963,-0.09655669,-0.5099145,-0.9528262,0.0038983913,0.0016167331,-1.0,840.58496,838.94,815.9103,838.94
2016-05-26 20:41:34,0.31075618,-0.43590957,-0.6350043,0.20843273,0.14146163,-0.45213783,-0.655395,0.5995665,0.15480138,-0.87904644,-0.664471,0.14722003,0.08534912,-0.43966264,-0.6922157,0.3366963,-0.020819088,-0.49420682,-0.65720654,0.0038983913,-0.25911874,-1.0,843.87494,834.005,820.8452,817.55524
2016-05-26 20:41:35,0.4820785,-0.15284638,-0.53143805,-0.027426584,0.3214952,-0.25617605,-0.62223375,0.40133268,-0.21543789,-0.6161091,-0.48884255,-0.40449807,0.18705313,-0.37247798,-0.50664544,0.44224223,0.08390879,-0.7231575,-0.505451,0.055164848,-0.2496215,-1.0,834.005,832.36005,824.13513,820.8452
2016-05-26 20:41:36,0.7056697,-0.39493397,-0.62571394,0.0465725,0.20465647,-0.33132178,-0.5631812,0.4189838,-0.17075726,-1.0293099,-0.7655996,-0.47242424,0.21766384,-0.33856875,-0.5499264,0.3284116,-0.115958095,-0.6272888,-0.68894416,0.111846775,-0.2496215,-1.0,848.8099,825.78015,819.2002,837.295
2016-05-26 20:41:38,0.70973784,-0.5816795,-0.7274973,0.0465725,0.39179546,-0.35876426,-0.51866376,0.42704007,0.036621716,-0.98953336,0.20065229,-0.5059819,0.2664712,-0.36706373,-0.58776516,0.26582703,-0.15682891,-0.7038856,-0.70928794,0.11945141,0.017578501,-0.8948589,852.0998,835.65,827.4251,824.13513
2016-05-26 20:41:39,0.38453645,-0.40994328,-0.72082865,0.52423626,0.35831854,-0.22695081,-0.3045939,0.2508347,-0.013547646,-1.0706121,0.41424668,-0.03643787,0.1382127,-0.2032191,-0.35436103,0.3152447,-0.20982389,-0.8211487,-0.522866,-0.14169271,0.24242392,-1.0,842.2299,829.07007,838.94,812.6203
2016-05-26 20:41:40,0.28725317,-0.4387245,-0.52971256,0.23602134,0.40310067,-0.21886244,-0.17244093,0.39664695,0.16461253,-1.2513555,0.37947658,0.16041161,0.16338299,-0.28870547,-0.37696055,0.38725168,-0.26857948,-0.76306665,-0.52992785,-0.20030145,0.08597936,-1.0,837.295,825.78015,815.9103,837.295
2016-05-26 20:41:41,0.10411612,-0.20935772,-0.695363,0.71275586,0.56082165,-0.2821946,-0.31994644,0.29128423,0.41057187,-1.0250359,0.22040144,-0.0342491,0.20899504,-0.34382135,-0.5397793,0.42856628,-0.23112711,-0.7565037,-0.64184314,-0.07870532,0.042788573,-1.0,834.005,822.4902,817.55524,806.04034
2016-05-26 20:41:42,0.43453526,-0.20935772,-0.79774326,0.70671684,0.26744628,-0.15718138,-0.45710966,0.10467091,-0.20956023,-0.6289589,-1.097624,-0.40272415,0.15660179,-0.43345037,-0.5589077,0.44815257,-0.2866985,-0.80540353,-0.55147064,-0.12568583,0.20180161,-1.0,838.94,829.07007,817.55524,810.9753
2016-05-26 20:41:43,0.6167258,-0.4570742,-0.7209151,0.70671684,0.2972815,-0.22816534,-0.3921842,0.10467091,-0.20715536,-0.7443891,-0.6624889,-0.40272415,0.09597267,-0.33191308,-0.5144145,0.44815257,-0.3817281,-0.7813725,-0.47808415,-0.12568583,0.44795427,-1.0,853.7448,837.295,814.26526,848.8099
2016-05-26 20:41:44,0.63540083,-0.4805804,-0.7954119,0.454338,0.3993346,-0.3399107,-0.5444261,0.4276472,-0.16464184,-0.6738706,-0.82196426,0.11706824,0.03372001,-0.3945744,-0.67184216,0.47596902,0.06826343,-0.58181167,-0.64921635,-0.010335251,0.78875023,-1.0,834.005,819.2002,829.07007,886.6444
2016-05-26 20:41:45,0.4251877,-0.4119284,-0.54324687,0.35906523,0.43618563,-0.41806394,-0.43083945,0.37450123,0.055975754,-0.681476,-0.77256334,0.256222,0.20309898,-0.39670908,-0.6897516,0.54359525,-0.15638953,-0.9137339,-0.5432494,-0.14644481,0.92332625,-0.95868945,847.16486,827.4251,817.55524,827.4251
2016-05-26 20:41:46,0.41779763,-0.085494116,-0.41351587,0.30629215,0.44058022,-0.18647428,-0.21105242,0.37048107,0.2561403,-0.8048981,-0.5946448,0.26678142,0.3532577,-0.5016823,-0.4114179,0.72512704,-0.18221158,-0.62839186,-0.40132558,-0.15599066,0.92332625,-0.628424,868.5496,838.94,824.13513,834.005
2016-05-26 20:41:47,0.41779763,-0.073489174,-0.50390863,0.30629215,0.44058022,0.0649255,-0.025693469,0.37048107,0.2561403,-0.75819075,-0.45617703,0.26678142,0.3532577,-0.49141204,-0.36842307,0.72512704,-0.18221158,-0.40794116,-0.3583172,-0.15599066,0.92332625,-0.494824,824.13513,830.7151,819.2002,796.1705
2016-05-26 20:41:48,0.41779763,-0.2854441,-0.56203955,0.30629215,0.44058022,0.17666022,0.04217337,0.37048107,0.2561403,-0.90534395,-0.2750933,0.26678142,0.3532577,-0.08481739,-0.32733986,0.72512704,-0.18221158,-0.56578773,-0.6789289,-0.15599066,0.92332625,-0.194224,824.13513,838.94,817.55524,824.13513
2016-05-26 20:41:49,0.41779763,-0.62204725,-0.2787768,0.30629215,0.44058022,0.017087271,-0.067913264,0.37048107,0.2561403,-0.77827674,-0.4761071,0.26678142,0.3532577,-0.010585128,0.019263828,0.72512704,-0.18221158,-0.7714085,-0.91959673,-0.15599066,0.92332625,-0.194224,819.2002,824.13513,829.07007,789.5906
2016-05-26 20:41:50,0.41779763,-0.54064494,-0.21612109,0.30629215,0.44058022,0.063001886,-0.2220539,0.37048107,0.2561403,-0.85732394,-0.7202226,0.26678142,0.3532577,-0.008521169,0.014002201,0.72512704,-0.18221158,-1.0232103,-0.91983706,-0.15599066,0.92332625,-0.194224,853.7448,835.65,829.07007,834.005
2016-05-26 20:41:51,0.41779763,-0.34195104,-0.4107844,0.30629215,0.44058022,-0.047762036,-0.16672419,0.37048107,0.2561403,-0.612717,-0.6991956,0.26678142,0.3532577,-0.101409644,-0.18979652,0.72512704,-0.18221158,-0.890023,-0.7847397,-0.15599066,0.92332625,-0.194224,858.67975,848.8099,825.78015,809.3303
2016-05-26 20:41:52,0.23271409,-0.34526068,-0.45496735,0.30629215,0.31393817,-0.15180041,-0.31155777,0.37048107,-0.42299443,-0.29622328,-1.0057665,0.26678142,0.59233755,-0.14439411,-0.26651594,0.72512704,0.27182657,-0.6493091,-0.70699435,-0.15599066,0.82312626,-0.027224004,840.58496,838.94,814.26526,810.9753
2016-05-26 20:41:53,0.6056431,-0.36692363,-0.4486483,0.30629215,0.34602472,-0.086966746,-0.39334083,0.37048107,-0.31932104,-0.71520334,-1.1470498,0.26678142,0.4419949,-0.26854336,-0.25415942,0.72512704,0.18035285,-0.92991394,-0.9111217,-0.15599066,0.7925558,0.3343673,822.4902,834.005,827.4251,829.07007
2016-05-26 20:41:54,0.6056431,-0.22417973,-0.5200927,0.30629215,0.37704033,-0.13970678,-0.1521835,0.37048107,-0.46549195,-0.9235601,-0.8238618,0.26678142,0.40597358,-0.3223124,-0.39410743,0.72512704,-0.113217115,-0.962549,-0.8235278,-0.15599066,1.0,0.6067801,820.8452,837.295,829.07007,814.26526
2016-05-26 20:41:55,0.6056431,-0.28572002,-0.39033866,0.30629215,0.37704033,-0.20138401,-0.13412005,0.37048107,-0.46549195,-1.060522,-0.6230067,0.26678142,0.40597358,-0.44221947,-0.5490538,0.72512704,-0.113217115,-0.9265696,-1.0054339,-0.15599066,1.0,0.63396615,852.0998,834.005,822.4902,815.9103
2016-05-26 20:41:57,0.6056431,-0.31127673,-0.664633,0.30629215,0.37704033,-0.2666074,-0.21064207,0.37048107,-0.46549195,-1.5022136,-0.9633117,0.26678142,0.40597358,-0.18715905,-0.6112927,0.72512704,-0.113217115,-0.7765196,-0.70472723,-0.15599066,1.0,0.63396615,847.16486,837.295,820.8452,942.5737
2016-05-26 20:41:58,0.6056431,-0.24967922,-0.64509636,0.30629215,0.37704033,-0.28296685,-0.32233864,0.37048107,-0.46549195,-0.98587424,-0.89922416,0.26678142,0.40597358,-0.32795668,-0.59097075,0.72512704,-0.113217115,-0.61173975,-0.8232432,-0.15599066,1.0,0.63396615,837.295,840.58496,824.13513,745.1761
2016-05-26 20:41:59,0.6056431,-0.4028325,-0.6865797,0.30629215,0.37704033,-0.105480954,-0.29794863,0.37048107,-0.46549195,-0.8696421,-0.9437855,0.26678142,0.40597358,-0.3693671,-0.47753435,0.72512704,-0.113217115,-0.63242316,-0.7836416,-0.15599066,1.0,0.63396615,861.9697,845.5199,819.2002,888.28937
2016-05-26 20:42:00,0.6056431,-0.12863457,-0.41920456,0.30629215,0.37704033,-0.12990786,-0.37052104,0.37048107,-0.46549195,-0.8424663,-0.80290186,0.26678142,0.40597358,-0.32245207,-0.38914645,0.72512704,-0.113217115,-0.6031309,-0.4561746,-0.15599066,1.0,0.63396615,852.0998,830.7151,824.13513,310.90128
2016-05-26 20:42:01,0.6056431,-0.3183574,-0.39347968,0.30629215,0.37704033,-0.41963103,-0.39731562,0.37048107,-0.46549195,-0.9352844,-0.8735038,0.26678142,0.40597358,-0.39247632,-0.44634706,0.72512704,-0.113217115,-0.7606026,-0.84575087,-0.15599066,1.0,0.63396615,815.9103,827.4251,810.9753,914.6091
2016-05-26 20:42:02,0.6056431,-0.44234726,-0.31064212,0.30629215,0.37704033,-0.40432543,-0.44199133,0.37048107,-0.46549195,-1.310063,-0.91842794,0.26678142,0.40597358,-0.41959673,-0.55714357,0.72512704,-0.113217115,-0.7425527,-0.89328957,-0.15599066,1.0,0.63396615,881.7095,832.36005,822.4902,792.88055
2016-05-26 20:42:03,0.6056431,-0.45935383,-0.31590986,0.30629215,0.37704033,-0.18051708,-0.4099433,0.37048107,-0.46549195,-0.9267753,-1.16943,0.26678142,0.40597358,-0.44775647,-0.45754272,0.72512704,-0.113217115,-0.6597234,-0.91806144,-0.15599066,1.0,0.63396615,832.36005,832.36005,829.07007,812.6203
2016-05-26 20:42:04,0.2378385,-0.6063841,-0.31353354,0.30629215,0.48448795,-0.27727324,-0.48104307,0.37048107,0.028119357,-0.8638368,-1.0452323,0.26678142,0.18404199,-0.4148313,-0.4211828,0.72512704,-0.020738864,-0.7930688,-0.97091234,-0.15599066,0.7719778,0.52704084,853.7448,842.2299,824.13513,830.7151
2016-05-26 20:42:05,0.22930335,-0.5638441,-0.43749896,0.30629215,0.41042975,-0.34818602,-0.628782,0.37048107,-0.36165547,-0.89945143,-0.7125898,0.26678142,0.2568164,-0.37045845,-0.52564806,0.72512704,-0.04238589,-0.5854677,-0.5951279,-0.15599066,0.47943193,0.43826717,837.295,830.7151,824.13513,819.2002
2016-05-26 20:42:06,0.313206,-0.40783486,-0.81608593,0.30629215,0.40228036,-0.481153,-0.6661476,0.37048107,-0.41399783,-0.886504,-0.8405342,0.26678142,0.16470665,-0.55992633,-0.7073399,0.72512704,0.084951565,-0.87373996,-0.82797515,-0.15599066,0.19593926,0.37146717,834.005,835.65,817.55524,814.26526
2016-05-26 20:42:07,0.22796845,-0.35089484,-0.83918875,0.30629215,0.4737929,-0.42713732,-0.57250375,0.37048107,-0.42436215,-1.1552678,-0.67600524,0.26678142,-1.2154688E-5,-0.61782473,-0.60567653,0.72512704,-0.15278432,-1.1054513,-0.7778493,-0.15599066,-0.05659733,0.0506151,837.295,830.7151,822.4902,848.8099
2016-05-26 20:42:08,-0.078825906,-0.47804242,-0.9498854,0.30629215,0.3849137,-0.19006594,-0.5704006,0.37048107,-0.13812289,-1.0770955,-0.60164535,0.26678142,0.0036171558,-0.5190622,-0.53302,0.72512704,-0.21921274,-0.8208169,-0.877706,-0.15599066,-0.42399734,-0.3167849,848.8099,834.005,822.4902,822.4902
2016-05-26 20:42:09,0.41305465,-0.4995047,-0.6836594,0.30629215,0.40690383,-0.30554384,-0.829693,0.37048107,-0.11695328,-0.9916809,-0.84732425,0.26678142,-0.04531214,-0.4248219,-0.6346513,0.72512704,-0.120000005,-0.8663276,-0.8242036,-0.15599066,-0.6460455,-0.6507849,838.94,834.005,822.4902,827.4251
2016-05-26 20:42:10,0.7340907,-0.54618865,-0.59019357,0.30629215,0.051708322,-0.408137,-0.72325,0.37048107,-0.28773603,-0.9246291,-0.9413273,0.26678142,0.023021385,-0.4889484,-0.64594305,0.72512704,0.012023625,-0.6798642,-0.7959852,-0.15599066,-0.3163751,-0.97158027,858.67975,830.7151,820.8452,847.16486
2016-05-26 20:42:11,0.502622,-0.4525783,-0.8412587,0.30629215,0.034182135,-0.41320953,-0.6122245,0.37048107,-0.30360436,-1.1715655,-0.69307405,0.26678142,0.114164874,-0.42337456,-0.8126561,0.72512704,-0.040676415,-0.6830129,-0.9008205,-0.15599066,0.006126533,-0.9778628,838.94,827.4251,822.4902,817.55524
2016-05-26 20:42:12,0.4413259,-0.4955063,-0.794226,0.30942625,0.11862556,-0.36366153,-0.6455273,0.35550347,-0.20195937,-0.49653178,-1.2662582,0.021079125,0.20140262,-0.26323345,-0.80477047,0.51534486,-0.32278794,-0.60310054,-0.9837383,-0.38107708,0.006126533,-0.9553372,834.005,830.7151,819.2002,824.13513
2016-05-26 20:42:13,0.42951566,-0.79412997,-0.64367276,0.17490062,0.13254175,-0.38761532,-0.5758268,0.32963866,-0.18803155,-0.45089576,-1.0450191,-0.049155235,0.23876712,-0.26988694,-0.57478756,0.5208212,-0.51388484,-0.58030516,-0.9218972,-0.5916707,-0.05438036,-0.9553372,835.65,838.94,822.4902,843.87494
2016-05-26 20:42:14,0.33469388,-0.53092796,-0.48460528,0.17490062,0.37702107,-0.43828997,-0.55404365,0.32963866,0.37724558,-0.75331503,-0.73293865,-0.049155235,0.009353223,-0.3604545,-0.6748378,0.5208212,0.16148904,-0.8553354,-1.0818998,-0.5916707,-0.22849567,-1.0,840.58496,832.36005,817.55524,804.3954
2016-05-26 20:42:15,0.4173416,-0.67761177,-0.4988419,0.17490062,0.19508879,-0.44786382,-0.50458276,0.32963866,0.30532786,-1.066568,-0.84420264,-0.049155235,0.07266939,-0.42344615,-0.67380095,0.5208212,-0.25565118,-0.79045844,-0.8879412,-0.5916707,-0.4037295,-1.0,838.94,838.94,814.26526,820.8452
2016-05-26 20:42:16,0.5860621,-0.3212586,-0.90033966,0.54873437,0.26559028,-0.26464128,-0.49584058,0.45972788,-0.2158613,-0.80652374,-0.9875968,-0.08523619,0.19876008,-0.33753937,-0.671553,0.45414597,-0.33382887,-1.0315229,-0.7862564,-0.33017054,-0.2088497,-1.0,861.9697,837.295,824.13513,817.55524
2016-05-26 20:42:17,0.64737344,-0.28974015,-0.69399506,0.37285486,0.39010355,-0.22815262,-0.5297509,0.37211034,-0.19167471,-1.053429,-0.9052804,-0.16700383,0.325,-0.39550394,-0.45939702,0.5158208,-0.32753927,-0.77923274,-0.96573704,-0.21559721,0.087146334,-0.8863996,845.5199,842.2299,822.4902,814.26526
2016-05-26 20:42:18,0.5158464,-0.48470482,-0.68753976,0.37285486,0.47222853,-0.36810112,-0.5761657,0.37211034,0.064862415,-1.4602942,-0.93634737,-0.16700383,0.30586854,-0.2988961,-0.48680732,0.5158208,-0.102565244,-0.93854046,-0.9447248,-0.21559721,0.35670125,-0.58208853,837.295,827.4251,814.26526,868.5496
2016-05-26 20:42:20,0.43383572,-0.54516214,-0.6767525,0.37285486,0.41364267,-0.34309468,-0.4048775,0.37211034,0.15671344,-0.9900187,-0.5683788,-0.16700383,0.2798435,-0.33188322,-0.5618584,0.5158208,0.0020602348,-0.70470965,-0.82466435,-0.21559721,0.40099257,-0.41954184,855.3898,835.65,817.55524,880.06445
2016-05-26 20:42:21,0.43383572,-0.5734331,-0.7459366,0.37285486,0.41364267,-0.2588428,-0.47310704,0.37211034,0.15671344,-0.7188154,-0.73838234,-0.16700383,0.2798435,-0.47972715,-0.6850234,0.5158208,0.0020602348,-0.7716104,-0.7072955,-0.21559721,0.40099257,-0.39282185,840.58496,829.07007,822.4902,814.26526
2016-05-26 20:42:22,0.56426525,-0.6330691,-0.88726187,0.37285486,0.3207864,-0.30315664,-0.38316667,0.37211034,-0.19383742,-1.207067,-0.8493216,-0.16700383,0.23467441,-0.45347044,-0.6718635,0.5158208,0.012499958,-0.8472366,-0.74043405,-0.21559721,0.67247236,-0.3977336,829.07007,827.4251,832.36005,814.26526
2016-05-26 20:42:23,0.4463068,-0.41493145,-0.722378,0.37285486,0.25469273,-0.39892745,-0.45175916,0.37211034,-0.19886616,-1.2177936,-0.94506955,-0.16700383,0.12265382,-0.40739414,-0.45469928,0.5158208,0.035046615,-0.7889339,-0.8219977,-0.21559721,0.73927236,-0.3089646,853.7448,840.58496,814.26526,845.5199
2016-05-26 20:42:24,0.6700304,-0.49189204,-0.71605605,0.37285486,0.22080861,-0.57512647,-0.52587694,0.37211034,-0.15377691,-0.77417994,-0.6879221,-0.16700383,0.033676513,-0.35394147,-0.52526087,0.5158208,-0.43734077,-1.0768571,-0.6743107,-0.21559721,0.8962524,-0.6237641,858.67975,837.295,819.2002,796.1705
2016-05-26 20:42:25,0.69182694,-0.8834678,-0.594714,0.37285486,0.19077246,-0.35859782,-0.5855811,0.37211034,-0.03247557,-0.6897537,-0.7680757,-0.16700383,0.20546533,-0.3301089,-0.6144019,0.5158208,-0.3619687,-0.8095945,-0.9177787,-0.21559721,1.0,-0.7330732,825.78015,827.4251,820.8452,778.0757
2016-05-26 20:42:26,0.59477,-0.5543903,-0.7066255,0.37285486,0.35968006,-0.17251275,-0.4388899,0.37211034,-0.24659503,-1.1973474,-0.9006866,-0.16700383,0.25464895,-0.34983775,-0.6886377,0.5158208,-0.22768536,-0.6287237,-0.6510498,-0.21559721,1.0,-0.5478866,847.16486,829.07007,815.9103,848.8099
2016-05-26 20:42:27,0.6368893,-0.23703325,-0.8418344,0.37285486,0.31466413,-0.08345033,-0.49881268,0.37211034,-0.25451988,-0.9480315,-0.8783021,-0.16700383,0.3702047,-0.23469943,-0.6393533,0.5158208,-0.15189224,-0.763899,-0.804771,-0.21559721,1.0,-0.23196708,850.45483,835.65,817.55524,832.36005
2016-05-26 20:42:28,0.4627219,-0.2064205,-0.69492036,0.37285486,0.30630952,-0.0010488301,-0.6749386,0.37211034,-0.05996721,-0.8499357,-0.8871687,-0.16700383,0.14451015,-0.38048908,-0.61552644,0.5158208,-0.21386191,-0.9342412,-1.0149775,-0.21559721,1.0,-0.011835811,834.005,829.07007,815.9103,702.4066
2016-05-26 20:42:29,0.2138762,-0.23320353,-0.7650929,0.37285486,0.43302602,0.023584165,-0.6478722,0.37211034,0.261328,-1.001594,-0.6512079,-0.16700383,-0.025680391,-0.4870162,-0.6618011,0.5158208,-0.048617978,-0.65974945,-0.78881145,-0.21559721,0.6747895,-0.28472155,848.8099,827.4251,814.26526,898.15924
2016-05-26 20:42:30,0.086308435,-0.27081913,-0.8087198,0.37285486,0.33024365,-0.17863803,-0.6182472,0.37211034,0.48628804,-1.1171882,-0.91741824,-0.16700383,-0.16138574,-0.3883441,-0.5399194,0.5158208,0.07202464,-0.7635197,-0.99625367,-0.21559721,0.34078947,-0.61872154,835.65,834.005,817.55524,773.14075
2016-05-26 20:42:31,0.086308435,-0.45830297,-0.850932,0.37285486,0.33024365,-0.1282228,-0.4197062,0.37211034,0.48628804,-0.6646422,-1.1397732,-0.16700383,-0.16138574,-0.3767739,-0.62455064,0.5158208,0.07202464,-0.8338071,-1.1021106,-0.21559721,0.34078947,-0.61872154,819.2002,827.4251,820.8452,804.3954
2016-05-26 20:42:32,0.086308435,-0.3993063,-0.5585772,0.37285486,0.33024365,-0.16664875,-0.4543296,0.37211034,0.48628804,-0.77737546,-0.71495956,-0.16700383,-0.16138574,-0.58759594,-0.733714,0.5158208,0.07202464,-0.55733573,-0.7809746,-0.21559721,-0.026610527,-0.98612154,817.55524,825.78015,819.2002,817.55524
2016-05-26 20:42:33,0.2911954,-0.27135015,-0.61712897,0.37285486,0.38089597,-0.20091064,-0.40930077,0.37211034,0.12522395,-0.876332,-1.0870535,-0.16700383,0.16730015,-0.56280386,-0.59414667,0.5158208,0.036701467,-0.6776149,-0.85271263,-0.21559721,-0.14811742,-0.9770375,837.295,832.36005,810.9753,829.07007
2016-05-26 20:42:34,0.39782974,-0.19852398,-0.5973204,0.37285486,0.2647093,-0.110982485,-0.33984768,0.37211034,0.27021804,-1.1125692,-0.8484798,-0.16700383,0.096345514,-0.44569212,-0.5879948,0.5158208,0.017651187,-0.75434595,-1.030337,-0.21559721,-0.23276915,-0.9144125,827.4251,840.58496,817.55524,783.0106
2016-05-26 20:42:35,0.39782974,-0.2935392,-0.6344645,0.37285486,0.16516669,-0.24368118,-0.3589451,0.37211034,0.27759865,-0.9273243,-0.7516458,-0.16700383,0.079843305,-0.3875028,-0.72242266,0.5158208,0.0448776,-0.9046475,-1.187999,-0.21559721,-0.23276915,-0.9144125,832.36005,834.005,820.8452,787.94556
2016-05-26 20:42:36,0.39782974,-0.34527525,-0.5986098,0.37285486,0.16516669,-0.55161923,-0.5126347,0.37211034,0.27759865,-0.80267096,-0.87916905,-0.16700383,0.079843305,-0.43327555,-0.66621304,0.5158208,0.0448776,-1.0055287,-1.087245,-0.21559721,-0.23276915,-0.9144125,850.45483,830.7151,820.8452,896.5143
2016-05-26 20:42:37,0.39782974,-0.17348085,-0.7874154,0.37285486,0.16516669,-0.34956032,-0.4923584,0.37211034,0.27759865,-0.42177284,-0.68909514,-0.16700383,0.079843305,-0.32362792,-0.67051685,0.5158208,0.0448776,-0.74137133,-0.79004544,-0.21559721,-0.23276915,-0.9144125,857.0347,835.65,819.2002,829.07007
2016-05-26 20:42:38,0.37430018,-0.23043454,-0.6777015,0.37285486,0.44396335,-0.16945963,-0.57420623,0.37211034,0.16173677,-0.9235034,-0.79966843,-0.16700383,0.24962774,-0.32312086,-0.66486007,0.5158208,0.047215044,-0.46321288,-0.6766565,-0.21559721,-0.23276915,-0.8552034,870.1946,835.65,817.55524,815.9103
2016-05-26 20:42:39,0.44749984,-0.38376644,-0.68190646,0.37285486,0.5044262,-0.20520397,-0.65217215,0.37211034,0.046753753,-1.2196783,-0.94000506,-0.16700383,0.2504907,-0.42959955,-0.6844082,0.5158208,0.0448608,-0.851034,-0.6238593,-0.21559721,-0.062787004,-0.5650365,845.5199,840.58496,824.13513,827.4251
2016-05-26 20:42:40,0.37372616,-0.5356825,-0.5713181,0.37285486,0.53342855,-0.42361745,-0.53435713,0.37211034,-0.01922892,-1.046212,-1.0950489,-0.16700383,0.10731092,-0.3900135,-0.66804874,0.5158208,-0.20890866,-1.0147895,-0.7127966,-0.21559721,0.095266566,-0.30560395,835.65,835.65,827.4251,792.88055
2016-05-26 20:42:42,0.59473413,-0.56435436,-0.6415181,0.37285486,0.37596804,-0.35074326,-0.62083834,0.37211034,0.0836189,-0.87633985,-0.72668475,-0.16700383,0.097822696,-0.3801233,-0.727127,0.5158208,-0.383952,-0.9152895,-0.7100665,-0.21559721,0.30538294,-0.4170004,840.58496,827.4251,820.8452,781.36566
2016-05-26 20:42:43,0.56606114,-0.5577452,-0.6295021,0.37285486,0.23010226,-0.29093346,-0.5620056,0.37211034,-0.2633795,-1.1089015,-0.59893185,-0.16700383,0.10336776,-0.4773671,-0.5862352,0.5158208,-0.24252883,-1.0357211,-0.74390656,-0.21559721,0.6176242,-0.4170004,832.36005,835.65,825.78015,880.06445
2016-05-26 20:42:44,0.5188887,-0.549427,-0.5141727,0.37285486,0.28786567,-0.073113695,-0.53825164,0.37211034,-0.21612266,-0.94286186,-0.7111187,-0.16700383,-0.007887111,-0.44764206,-0.69231737,0.5158208,-0.07912736,-0.5524476,-0.8596162,-0.21559721,0.92067504,-0.69432163,827.4251,832.36005,814.26526,860.3247
2016-05-26 20:42:45,0.5584745,-0.5481242,-0.6311067,0.37285486,0.34651834,-0.18049036,-0.6371458,0.37211034,0.4503049,-0.3696306,0.06276048,-0.16700383,0.03745822,-0.55514187,-0.8453293,0.5158208,-0.19624294,-0.738732,-0.611096,-0.21559721,1.0,-1.0,860.3247,838.94,824.13513,875.1295
2016-05-26 20:42:46,0.32890385,-0.64682496,-0.53644216,0.37285486,0.39447725,-0.2690265,-0.49678808,0.37211034,-0.0025489486,-1.1468911,-0.8004536,-0.16700383,0.22333834,-0.4575601,-0.6262514,0.5158208,-0.36715737,-0.9971231,-0.8167198,-0.21559721,0.97825116,-0.77220637,842.2299,829.07007,819.2002,809.3303
2016-05-26 20:42:47,0.594676,-0.6512022,-0.58744854,0.37285486,0.43687922,-0.2628384,-0.41776127,0.37211034,-0.09752803,-1.1869862,-1.2356076,-0.16700383,0.08438967,-0.4670529,-0.51208264,0.5158208,-0.34613475,-0.9845753,-0.8935589,-0.21559721,1.0,-0.6029142,850.45483,837.295,827.4251,848.8099
2016-05-26 20:42:48,0.59448564,-0.18286526,-0.6679199,0.37285486,0.47934884,-0.26432076,-0.32691234,0.37211034,-0.26865447,-0.14726971,-0.28246164,-0.16700383,0.3099756,-0.4820756,-0.5923414,0.5158208,-0.26097807,-0.66625094,-0.6455126,-0.21559721,1.0,-0.3326503,852.0998,827.4251,825.78015,799.46045
2016-05-26 20:42:49,0.32198066,-0.24248621,-0.53970015,0.37285486,0.30509415,-0.32880896,-0.44036505,0.37211034,-0.17758761,-0.28440312,-0.45008212,-0.16700383,0.2746633,-0.45977286,-0.6728857,0.5158208,-0.12055191,-0.68679756,-0.4686082,-0.21559721,0.8044223,-0.0054706545,843.87494,843.87494,822.4902,784.65564
2016-05-26 20:42:50,0.43098164,-0.7056576,-0.61334544,0.37285486,0.31476745,-0.45073214,-0.51003563,0.37211034,0.066721044,-0.8395434,-1.1570817,-0.16700383,0.17169982,-0.39454025,-0.6953094,0.5158208,-4.1071E-4,-0.7355989,-0.5940263,-0.21559721,0.7490064,0.17037052,819.2002,822.4902,817.55524,840.58496
2016-05-26 20:42:51,0.5071256,-0.5193821,-0.55521375,0.37285486,0.3091626,-0.3919869,-0.561574,0.37211034,0.091013536,-0.5017793,-0.43700182,-0.16700383,0.041807976,-0.5061862,-0.508605,0.5158208,0.058430035,-0.6761342,-0.5746254,-0.21559721,0.9134873,0.1165253,855.3898,830.7151,819.2002,827.4251
2016-05-26 20:42:52,0.32604837,-0.43629485,-0.5167572,0.37285486,0.35512105,-0.22675669,-0.55214345,0.37211034,0.34803662,-0.10807639,-0.038242977,-0.16700383,-0.10663014,-0.4995579,-0.5982271,0.5158208,-0.04887908,-0.4085233,-0.45763174,-0.21559721,0.61384434,-0.22999969,837.295,832.36005,812.6203,781.36566
2016-05-26 20:42:53,0.29622808,-0.58859456,-0.50963956,0.14465918,0.36648285,-0.28366637,-0.6471527,0.36778194,-0.28347182,-1.0811639,-0.5428609,-0.02586985,0.16134946,-0.4785445,-0.70568275,0.5131218,-0.11201311,-0.9212082,-0.9241885,-0.15702492,0.33183974,-0.3649181,835.65,832.36005,814.26526,819.2002
2016-05-26 20:42:54,0.28749505,-0.49949083,-0.6017231,0.10713923,0.30800137,-0.4011549,-0.57233137,0.32812765,-0.13576414,-0.59210396,-0.86575097,-0.074648544,0.17513691,-0.36419976,-0.69620854,0.45575532,0.018716121,-0.7614568,-0.90068907,-0.065695606,-0.012658541,-0.18840177,848.8099,825.78015,815.9103,812.6203
2016-05-26 20:42:55,0.50435495,-0.51612055,-0.746907,0.10713923,0.35017097,-0.27537027,-0.4847329,0.32812765,0.26241192,0.04734385,0.009217913,-0.074648544,0.16072029,-0.3378296,-0.61717784,0.45575532,-0.32320943,-0.7157218,-0.74698627,-0.065695606,-0.11111896,0.028024616,842.2299,835.65,815.9103,771.4958
2016-05-26 20:42:56,0.53783137,-0.47793373,-0.65442216,0.10713923,0.40989217,-0.21288346,-0.4759158,0.32812765,0.12397892,-0.06259554,0.02704892,-0.074648544,0.20038317,-0.414657,-0.49343425,0.45575532,-0.14192961,-0.71392614,-0.6811951,-0.065695606,0.15608104,0.2624795,842.2299,825.78015,815.9103,802.7504
2016-05-26 20:42:57,0.4404571,-0.537004,-0.7358477,0.10713923,0.53135407,-0.18874568,-0.40472776,0.32812765,-0.34895697,-0.93697447,-0.8312515,-0.074648544,0.29833442,-0.2878784,-0.57798904,0.45575532,-0.060005598,-0.79691905,-0.7207451,-0.065695606,0.3262123,0.575297,835.65,824.13513,820.8452,842.2299
2016-05-26 20:42:58,0.25629395,-0.598308,-0.9406915,0.10713923,0.42439002,-0.25508252,-0.453041,0.32812765,-0.07636213,-0.79419273,-0.75076354,-0.074648544,0.2810074,-0.4598494,-0.56437707,0.45575532,0.32827038,-0.75530726,-1.0367625,-0.065695606,0.09241229,0.9285273,817.55524,827.4251,806.04034,799.46045
2016-05-26 20:42:59,0.21184841,-0.6085216,-0.94080305,0.10713923,0.37054956,-0.27750626,-0.34488285,0.32812765,0.25531426,-0.1697524,-0.022859436,-0.074648544,0.3134259,-0.47294858,-0.5334957,0.45575532,0.11637047,-0.3972947,-0.75709814,-0.065695606,-0.23864065,1.0,838.94,832.36005,825.78015,792.88055
2016-05-26 20:43:00,0.50605947,-0.6288389,-0.49541402,0.10713923,0.31909552,-0.37487665,-0.51598483,0.32812765,-0.01807356,-0.5083043,-0.39441937,-0.074648544,0.21858887,-0.59761333,-0.5592174,0.45575532,-0.0537675,-0.66230214,-0.68397933,-0.065695606,-0.3721155,1.0,848.8099,835.65,815.9103,797.8155
2016-05-26 20:43:01,0.53702027,-0.63201666,-0.6148373,0.10713923,0.2950357,-0.40277708,-0.43167418,0.32812765,-0.463801,-0.9496526,-0.8564712,-0.074648544,0.15433297,-0.60731006,-0.8062218,0.45575532,-0.14431286,-1.2423238,-0.95082456,-0.065695606,-0.076576084,1.0,835.65,832.36005,817.55524,824.13513
2016-05-26 20:43:02,0.28053084,-0.556395,-0.6755271,0.10713923,0.32764292,-0.38629255,-0.54422957,0.32812765,-0.4279862,-1.220982,-1.0393736,-0.074648544,0.27585754,-0.5222507,-0.7447128,0.45575532,-0.15331246,-0.9358675,-0.8315909,-0.065695606,-0.08362931,1.0,858.67975,837.295,822.4902,853.7448
2016-05-26 20:43:04,0.555129,-0.20171298,-0.5608579,0.10713923,0.19741794,-0.26917365,-0.50472224,0.32812765,-0.04157356,-0.14621802,0.038929563,-0.074648544,0.19617465,-0.4859434,-0.65122056,0.45575532,-0.3828496,-0.5408329,-0.7506487,-0.065695606,0.034146097,1.0,827.4251,825.78015,815.9103,827.4251
2016-05-26 20:43:05,0.48242554,-0.33392507,-0.5733236,0.10713923,0.24147676,-0.34887278,-0.44932225,0.32812765,-0.08920673,-0.32598105,-0.06273437,-0.074648544,0.26167136,-0.5137229,-0.63060206,0.45575532,-0.28005433,-0.7039381,-0.79112965,-0.065695606,0.34336546,1.0,843.87494,835.65,814.26526,830.7151
2016-05-26 20:43:06,0.40462252,-0.53510886,-0.50266427,0.10713923,0.31216466,-0.44911325,-0.40280098,0.32812765,-0.23899455,-0.98983306,-0.80922425,-0.074648544,0.11752657,-0.5716161,-0.5150309,0.45575532,-0.1952618,-0.97321403,-0.55372983,-0.065695606,0.4306364,0.9794462,825.78015,824.13513,812.6203,802.7504
2016-05-26 20:43:07,0.5409667,-0.5179859,-0.7258765,0.10713923,0.3786339,-0.3033915,-0.47529712,0.32812765,0.35957947,-0.04456178,-0.23377755,-0.074648544,0.19264746,-0.6080439,-0.44316292,0.45575532,-0.22879365,-0.6930538,-0.5952422,-0.065695606,0.728902,0.7983154,858.67975,835.65,807.68536,817.55524
2016-05-26 20:43:08,0.40755737,-0.61007375,-0.6973716,0.10713923,0.36920673,-0.22764122,-0.3987051,0.32812765,0.32678056,-0.7665752,-0.5619849,-0.074648544,0.3611155,-0.54469705,-0.38338044,0.45575532,-0.29966766,-0.9315948,-1.0667281,-0.065695606,0.79236203,1.0,832.36005,837.295,822.4902,778.0757
2016-05-26 20:43:09,0.1680977,-0.32063708,-0.7127299,0.10713923,0.34081084,-0.22205274,-0.43464154,0.32812765,0.0030583737,-0.023554267,-0.041345146,-0.074648544,0.30407637,-0.4053849,-0.60292286,0.45575532,-0.072176255,-0.88012916,-0.68257016,-0.065695606,0.6387988,1.0,861.9697,840.58496,817.55524,797.8155
2016-05-26 20:43:10,0.6463282,-0.44610256,-0.7278536,0.10713923,0.27178013,-0.33765522,-0.4581397,0.32812765,0.042564344,-0.24385495,-0.5423004,-0.074648544,0.15524645,-0.4432672,-0.6556245,0.45575532,-0.085757494,-0.586052,-0.4663583,-0.065695606,0.8425388,0.97926897,830.7151,829.07007,819.2002,812.6203
2016-05-26 20:43:11,0.6290675,-0.3913498,-0.83633405,0.10713923,0.49296552,-0.18055524,-0.43804097,0.32812765,0.053747427,-1.0048436,-0.4212311,-0.074648544,0.18777315,-0.5548945,-0.5828697,0.45575532,-0.019421104,-0.7894295,-0.53771555,-0.065695606,1.0,0.7854502,853.7448,840.58496,824.13513,837.295
2016-05-26 20:43:12,0.33735055,-0.6965564,-0.58790773,0.10713923,0.41919345,-0.30247253,-0.41997054,0.32812765,-0.54431486,-1.2391362,-0.57924795,-0.074648544,0.21495782,-0.51854897,-0.70855993,0.45575532,0.12828195,-1.0814989,-0.93422073,-0.065695606,0.8998,0.8072887,858.67975,842.2299,822.4902,829.07007
2016-05-26 20:43:13,0.26078725,-0.5761435,-0.4391223,0.10713923,0.2996812,-0.3632102,-0.59102464,0.32812765,-0.2836728,-0.43221715,-0.25110057,-0.074648544,0.22586341,-0.30550674,-0.6255414,0.45575532,-0.09421596,-0.7270077,-0.7813418,-0.065695606,0.5869652,0.8954647,840.58496,837.295,815.9103,799.46045
2016-05-26 20:43:14,0.2394587,-0.41802302,-0.5335843,0.19879992,0.11696723,-0.5895051,-0.36421716,0.29287744,-0.30648023,-0.43200165,-0.2971108,-0.55376065,0.09222886,-0.39698339,-0.6064418,0.57880497,0.23640238,-0.63485783,-0.8688813,0.19408359,0.27473956,0.8954647,827.4251,830.7151,817.55524,865.25964
2016-05-26 20:43:15,0.16262202,-0.6041954,-0.5879663,0.19879992,0.3339029,-0.6261683,-0.42869902,0.29287744,-0.09490307,-0.90164083,-0.69553,-0.55376065,0.059302203,-0.54557556,-0.6505536,0.57880497,0.19274653,-0.8328651,-0.7503329,0.19408359,-0.06874908,0.61499035,843.87494,827.4251,814.26526,852.0998
2016-05-26 20:43:16,0.16069694,-0.6844433,-0.6909187,-0.11742259,0.26850602,-0.39234525,-0.46807298,0.42960867,-0.19880874,-0.98984146,-0.44072428,-0.40426946,0.057207618,-0.43626407,-0.7262804,1.2440406,-0.13675252,-0.8660321,-0.65685916,-0.23536685,-0.42859116,0.35193664,838.94,829.07007,812.6203,791.23553
2016-05-26 20:43:17,0.33289632,-0.6752972,-0.8159311,-0.11744615,0.2471008,-0.32487682,-0.7435585,0.4217015,-0.22715184,-1.0394914,-0.71616024,-0.49301147,0.033357605,-0.49459955,-0.51873034,1.2889262,-0.26661456,-0.92510223,-0.70411646,-0.38596457,-0.7202845,0.35193664,835.65,830.7151,812.6203,835.65
2016-05-26 20:43:18,0.33838055,-0.66621816,-0.79254043,-0.12100106,0.35677844,-0.38903776,-0.5205923,0.4152441,-0.40652856,-0.67962104,-0.914324,-0.543788,0.018536381,-0.5941342,-0.50265956,1.3285786,-0.26750678,-0.65400505,-0.86049896,-0.42371613,-0.93348783,0.119373664,838.94,832.36005,817.55524,840.58496
2016-05-26 20:43:19,0.179982,-0.71918136,-0.6815345,-0.12100106,0.4265638,-0.5194388,-0.4339137,0.4152441,-0.4297126,-0.8456019,-0.76082665,-0.543788,0.2106652,-0.5000601,-0.5559544,1.3285786,-0.07983781,-0.90215737,-1.1342742,-0.42371613,-1.0,0.036492184,858.67975,840.58496,824.13513,848.8099
2016-05-26 20:43:20,0.44897187,-0.7011111,-0.73521215,-0.12100106,0.24708039,-0.36011404,-0.5706692,0.4152441,-0.14205964,-0.37085116,-0.47158554,-0.543788,0.26647425,-0.45904508,-0.49798748,1.3285786,-0.33055335,-0.9466725,-0.71699244,-0.42371613,-0.975785,0.35407767,855.3898,835.65,820.8452,786.3006
2016-05-26 20:43:21,0.55276936,-0.44984126,-0.794709,-0.12100106,0.19792631,-0.457448,-0.46481407,0.4152441,-0.1824635,-0.38141426,-0.41357765,-0.543788,0.21695396,-0.50389594,-0.6774083,1.3285786,-0.26990524,-0.88729453,-0.72145826,-0.42371613,-0.69468975,0.6541124,847.16486,834.005,817.55524,789.5906
2016-05-26 20:43:22,0.531749,-0.56259537,-0.63902545,-0.12100106,0.3140807,-0.41521323,-0.46353066,0.4152441,0.0053680413,-0.6261506,-0.9624108,-0.543788,0.25633895,-0.6236546,-0.6596118,1.3285786,-0.24383259,-1.1170247,-0.9123223,-0.42371613,-0.35509366,0.97341645,880.06445,830.7151,814.26526,786.3006
2016-05-26 20:43:23,0.26862374,-0.6717138,-0.64711475,-0.12100106,0.3656689,-0.31524265,-0.5094413,0.4152441,0.42847657,-0.78187597,-0.81826156,-0.543788,0.24365075,-0.4887471,-0.64792365,1.3285786,-0.05737079,-0.5866141,-0.73688626,-0.42371613,-0.28509197,1.0,822.4902,832.36005,812.6203,764.91583
2016-05-26 20:43:24,0.0350076,-0.72489697,-0.6215493,-0.12100106,0.42088082,-0.3973842,-0.44751686,0.4152441,0.5273477,-0.77462375,-1.1315544,-0.543788,0.26197967,-0.43775222,-0.55079746,1.3285786,-0.038099084,-0.5164318,-0.8641181,-0.42371613,-0.4814188,1.0,829.07007,832.36005,817.55524,781.36566
2016-05-26 20:43:26,0.0350076,-0.6127055,-0.70710325,-0.12100106,0.42088082,-0.43823066,-0.5309956,0.4152441,0.5273477,-0.8073207,-1.182103,-0.543788,0.26197967,-0.50695264,-0.5318213,1.3285786,-0.038099084,-0.8482627,-1.0188512,-0.42371613,-0.5148188,1.0,822.4902,834.005,810.9753,809.3303
2016-05-26 20:43:27,0.20190175,-0.63485,-0.5939541,-0.12100106,0.41979748,-0.30562457,-0.5886526,0.4152441,-0.13219036,-1.1100116,-1.3609791,-0.543788,0.2252986,-0.46316895,-0.604569,1.3285786,0.0488699,-0.65320486,-0.74784744,-0.42371613,-0.83807737,1.0,845.5199,843.87494,812.6203,820.8452
2016-05-26 20:43:28,0.2756674,-0.5537037,-0.6262333,-0.12100106,0.30253306,-0.44282395,-0.510142,0.4152441,-0.054249063,-1.122959,-1.280531,-0.543788,0.23756875,-0.495557,-0.69241154,1.3285786,0.07254349,-0.5254563,-0.6429554,-0.42371613,-1.0,1.0,845.5199,835.65,824.13513,817.55524
2016-05-26 20:43:29,0.16313788,-0.55922604,-0.7086371,-0.12100106,0.32091913,-0.45218846,-0.42484164,0.4152441,0.2573592,-0.96608245,-0.8789096,-0.543788,0.16920364,-0.63047105,-0.55681455,1.3285786,0.23381425,-0.7260664,-0.8872663,-0.42371613,-1.0,1.0,830.7151,822.4902,822.4902,789.5906
2016-05-26 20:43:30,0.091821976,-0.64067906,-0.7275699,-0.12100106,0.3871167,-0.33458775,-0.45149395,0.4152441,-0.073024526,-0.34372786,-0.47018942,-0.543788,0.18607269,-0.589227,-0.5661776,1.3285786,0.098658524,-0.6936385,-0.6388879,-0.42371613,-1.0,1.0,832.36005,834.005,812.6203,817.55524
2016-05-26 20:43:31,0.4382654,-0.50768197,-0.4917434,-0.12100106,0.34798265,-0.25907466,-0.50528103,0.4152441,-0.39894006,-0.40075544,-0.44861385,-0.543788,0.17600892,-0.46800652,-0.7538441,1.3285786,0.030842358,-0.59856427,-0.635212,-0.42371613,-0.85115856,1.0,827.4251,820.8452,819.2002,825.78015
2016-05-26 20:43:32,0.3638059,-0.67557806,-0.43209806,-0.12100106,0.42016953,-0.3281821,-0.5456844,0.4152441,-0.51845706,-0.7484145,-0.981779,-0.543788,0.06175198,-0.56209636,-0.6689028,1.3285786,-0.1317755,-0.84193474,-0.8789771,-0.42371613,-0.6269199,0.7741524,824.13513,834.005,815.9103,838.94
2016-05-26 20:43:33,0.26080462,-0.6744566,-0.8052322,-0.12100106,0.38989228,-0.42658383,-0.40504473,0.4152441,-0.19730265,-1.0721617,-1.0317684,-0.543788,0.092019364,-0.48392662,-0.76801044,1.3285786,-0.25339913,-1.3514507,-0.78137314,-0.42371613,-0.80206627,0.48786667,842.2299,824.13513,812.6203,802.7504
2016-05-26 20:43:34,0.15396361,-0.38320267,-0.636373,-0.12100106,0.28184524,-0.3454279,-0.41254324,0.4152441,0.67238486,-0.16962169,-0.4419753,-0.543788,0.08447941,-0.53868955,-0.6171838,1.3285786,0.04903997,-0.67606044,-0.4105228,-0.42371613,-1.0,0.15227619,860.3247,837.295,825.78015,847.16486
2016-05-26 20:43:35,0.2229883,-0.30679253,-0.6348773,-0.12100106,0.25117242,-0.43407026,-0.42444754,0.4152441,0.3023181,-0.5411596,-0.6855155,-0.543788,0.12642258,-0.71192294,-0.5498996,1.3285786,0.083174795,-0.7456678,-0.72522134,-0.42371613,-1.0,-0.04335238,853.7448,835.65,819.2002,835.65
2016-05-26 20:43:36,0.27892086,-0.4658983,-0.38916704,0.7066688,0.3411921,-0.4885947,-0.518903,0.4981141,-0.39271674,-0.9442893,-0.88695323,0.03242065,0.119563565,-0.57240224,-0.68551433,0.056721106,-0.024385406,-0.74092716,-0.7735321,-0.21705176,-0.93034875,-0.2167143,842.2299,832.36005,812.6203,840.58496
2016-05-26 20:43:37,0.36303037,-0.5147929,-0.41188464,0.6828973,0.41979045,-0.33154356,-0.5307959,0.55875826,-0.49087334,-0.9454168,-1.0845696,-0.24180429,0.21706618,-0.5033729,-0.69472367,0.13825715,-0.12585242,-0.69998085,-0.7806286,-0.14425652,-0.69420004,-0.4682481,814.26526,830.7151,814.26526,824.13513
2016-05-26 20:43:38,0.2692302,-0.0069358526,-0.71789914,0.45362315,0.58285356,-0.15407184,-0.34548253,0.5808723,-0.5630162,-0.47143272,-0.9790171,-0.16104841,0.30194664,-0.48805687,-0.60003537,0.21980058,-0.3460974,-0.8130366,-0.8154511,-0.037103854,-0.6254444,-0.4682481,838.94,834.005,815.9103,835.65
2016-05-26 20:43:39,0.2692302,-0.004046735,-0.32390445,0.32567117,0.58285356,-0.18877973,-0.41815472,0.50296116,-0.5630162,-0.40937394,-0.7818021,-0.3043377,0.30194664,-0.64680314,-0.6859164,0.36988914,-0.3460974,-0.5306268,-0.7160549,0.22046252,-0.57920164,-0.6219291,871.8396,850.45483,838.94,832.36005
2016-05-26 20:43:40,0.42124176,-0.27792254,-0.2743795,0.32284537,0.40516344,-0.37853736,-0.5243981,0.5516774,0.067420036,-0.22285919,-0.27000937,-0.5511281,0.34834927,-0.5383392,-0.7139628,0.26982373,-0.40789226,-0.3990263,-0.4986657,-0.001500248,-0.5585508,-0.7252464,830.7151,829.07007,819.2002,806.04034
2016-05-26 20:43:41,0.45848164,-0.6530928,-0.4122467,0.2564874,0.3434388,-0.36314574,-0.50015235,0.5828433,0.31121862,-0.28036445,-0.3383651,-0.4673294,0.3892147,-0.5443424,-0.63356984,0.21839404,-0.2616866,-0.59144473,-0.5322381,-0.11346666,-0.2819226,-0.59164643,860.3247,837.295,829.07007,827.4251
2016-05-26 20:43:42,0.24502212,-0.524469,-0.80510676,0.24292496,0.36368388,-0.23455358,-0.5709115,0.33591348,-0.11143535,-0.7696659,-0.8200351,0.2704196,0.1383429,-0.6705174,-0.6363693,0.34630877,0.017671784,-0.99149925,-0.96624047,-0.029096408,-0.31240782,-0.6620229,853.7448,845.5199,812.6203,824.13513
2016-05-26 20:43:43,0.49740234,-0.43178296,-0.5018131,0.6250866,0.30348048,-0.24531108,-0.3966112,0.42894527,0.06473079,-0.6452596,-0.9435692,0.16284846,0.19781555,-0.5735381,-0.6355653,0.37829566,-0.08075479,-0.78184736,-0.90383464,-0.053689897,-0.22579396,-0.8377779,847.16486,832.36005,810.9753,817.55524
2016-05-26 20:43:44,0.6406051,-0.4847177,-0.63612777,0.7493946,0.27699524,-0.35884497,-0.4701326,0.4977715,0.07838526,-0.7740743,-1.1909418,-0.5010998,0.066363595,-0.49401772,-0.6717525,0.26584414,-0.05543176,-0.80384624,-0.97429764,-0.06697368,0.14160605,-1.0,852.0998,837.295,822.4902,822.4902
2016-05-26 20:43:46,0.45214579,-0.40695244,-0.90203184,0.55453616,0.21681865,-0.42059848,-0.5872451,0.5817044,0.12648222,-0.44733298,-0.31824803,0.07174791,-0.14482431,-0.5652971,-0.7329862,0.31877974,0.028755391,-0.39617208,-0.75263685,-0.13418876,0.42171144,-1.0,848.8099,840.58496,822.4902,822.4902
2016-05-26 20:43:47,0.41413525,-0.5591659,-0.82547325,0.3665778,0.28461745,-0.2867148,-0.48197708,0.52799964,-0.056177765,-0.6453456,-0.32002681,-0.03261815,0.04500148,-0.49434084,-0.43289182,0.26204264,-0.108760096,-0.59056103,-0.79583883,-0.26175335,0.4623047,-1.0,852.0998,834.005,814.26526,845.5199
2016-05-26 20:43:48,0.2181584,-0.41052207,-0.41098797,0.3502159,0.44368356,-0.2702581,-0.30183223,0.4042228,-0.23794384,-0.27243695,-0.19077905,-0.4772152,0.15552212,-0.34418234,-0.3456171,0.18410593,0.22834352,-0.5844142,-0.662825,0.17115955,0.24723822,-1.0,852.0998,820.8452,868.5496,837.295
2016-05-26 20:43:49,0.1694908,-0.43596882,-0.45158666,0.29957712,0.42540002,-0.32021335,-0.2486853,0.38977945,-0.24319308,0.010945231,-0.016109217,-0.5418936,0.14539176,-0.33478954,-0.3748488,0.16210555,0.27534765,-0.49269846,-0.55905217,0.25121096,0.13778615,-1.0,848.8099,820.8452,817.55524,847.16486
